{"a1":"1","a2":"0","a3":"1","a4":"0","a5":"1","b1":"0","b2":"1","b3":"2","b4":"2","b5":"1","b6":"0","c1":"0","c2":"1","c3":"2","c4":"1","c5":"2","c6":"1","c7":"0","d1":"0","d2":"0","d3":"0","d4":"1","d5":"1","d6":"0","d7":"0","d8":"0","e1":"0","e2":"0","e3":"0","e4":"0","e5":"0","e6":"0","e7":"0","e8":"0","e9":"0","f1":"0","f2":"0","f3":"0","f4":"2","f5":"2","f6":"0","f7":"0","f8":"0","g1":"0","g2":"2","g3":"1","g4":"2","g5":"1","g6":"2","g7":"0","h1":"0","h2":"2","h3":"1","h4":"1","h5":"2","h6":"0","i1":"2","i2":"0","i3":"2","i4":"0","i5":"2"}