{"a1":"2","a2":"2","a3":"2","a4":"2","a5":"2","b1":"2","b2":"0","b3":"0","b4":"0","b5":"0","b6":"0","c1":"2","c2":"0","c3":"0","c4":"0","c5":"0","c6":"0","c7":"0","d1":"2","d2":"0","d3":"0","d4":"2","d5":"2","d6":"1","d7":"1","d8":"0","e1":"0","e2":"2","e3":"0","e4":"2","e5":"0","e6":"1","e7":"0","e8":"1","e9":"0","f1":"0","f2":"2","f3":"2","f4":"1","f5":"1","f6":"0","f7":"0","f8":"1","g1":"0","g2":"0","g3":"0","g4":"0","g5":"0","g6":"0","g7":"1","h1":"0","h2":"0","h3":"0","h4":"0","h5":"0","h6":"1","i1":"1","i2":"1","i3":"1","i4":"1","i5":"1"}