{"a1":"0","a2":"0","a3":"0","a4":"0","a5":"0","b1":"2","b2":"2","b3":"0","b4":"0","b5":"1","b6":"1","c1":"2","c2":"1","c3":"2","c4":"0","c5":"1","c6":"2","c7":"1","d1":"0","d2":"2","d3":"2","d4":"0","d5":"0","d6":"1","d7":"1","d8":"0","e1":"0","e2":"0","e3":"0","e4":"0","e5":"0","e6":"0","e7":"0","e8":"0","e9":"0","f1":"0","f2":"1","f3":"1","f4":"0","f5":"0","f6":"2","f7":"2","f8":"0","g1":"1","g2":"2","g3":"1","g4":"0","g5":"2","g6":"1","g7":"2","h1":"1","h2":"1","h3":"0","h4":"0","h5":"2","h6":"2","i1":"0","i2":"0","i3":"0","i4":"0","i5":"0"}